"id","name","points","image_url"
2,Маловишерский район,"[{""lat"":59.11112842542435,""lon"":32.41713523864747},{""lat"":59.12522577945005,""lon"":32.60939598083497},{""lat"":59.11394836022265,""lon"":32.63136863708497},{""lat"":59.12522577945005,""lon"":32.65334129333497},{""lat"":59.08926606283714,""lon"":32.64774084091187},{""lat"":59.08291631425877,""lon"":32.65323400497437},{""lat"":59.04761852867227,""lon"":32.65186071395875},{""lat"":59.04479313813992,""lon"":32.69443273544312},{""lat"":58.991774038838074,""lon"":32.68344640731812},{""lat"":58.97266715450153,""lon"":32.89218664169312},{""lat"":58.9475290103698,""lon"":32.89743304252625},{""lat"":58.939027464486415,""lon"":32.98532366752625},{""lat"":58.922372535237955,""lon"":32.982577085495},{""lat"":58.90677340320982,""lon"":32.99287676811219},{""lat"":58.89294100997509,""lon"":33.01759600639344},{""lat"":58.86951973101091,""lon"":33.01484942436219},{""lat"":58.859933727053345,""lon"":32.98463702201844},{""lat"":58.83684541889078,""lon"":32.9990565776825},{""lat"":58.7925794395635,""lon"":32.947778105735786},{""lat"":58.76588590770437,""lon"":32.94400155544282},{""lat"":58.766063932525924,""lon"":32.950524687767036},{""lat"":58.75484658726396,""lon"":32.95224130153657},{""lat"":58.7477225839728,""lon"":32.95670449733735},{""lat"":58.74469444051282,""lon"":32.96631753444672},{""lat"":58.71083253693014,""lon"":32.95099139213563},{""lat"":58.70013245737453,""lon"":32.91803240776063},{""lat"":58.687644876042526,""lon"":32.91528582572938},{""lat"":58.68282704145578,""lon"":32.871903777122505},{""lat"":58.67586677135899,""lon"":32.840661406517036},{""lat"":58.649798035782645,""lon"":32.80976235866547},{""lat"":58.619419476652745,""lon"":32.79855608940125},{""lat"":58.60690297681183,""lon"":32.73744463920594},{""lat"":58.59330855904497,""lon"":32.69031286239625},{""lat"":58.5847198880941,""lon"":32.59555578231812},{""lat"":58.55034411675084,""lon"":32.5392508506775},{""lat"":58.51629319640612,""lon"":32.56166338920594},{""lat"":58.499614111008384,""lon"":32.541283965110786},{""lat"":58.507147582627454,""lon"":32.46746957302094},{""lat"":58.49297614177894,""lon"":32.46025979518891},{""lat"":58.48472178154795,""lon"":32.39137530326844},{""lat"":58.49764079176431,""lon"":32.36596941947938},{""lat"":58.524181614914106,""lon"":32.34125018119813},{""lat"":58.52776667336668,""lon"":32.34262347221375},{""lat"":58.52310602592301,""lon"":32.3179042339325},{""lat"":58.53493569103642,""lon"":32.30554461479188},{""lat"":58.54066985000972,""lon"":32.31927752494813},{""lat"":58.54676136635063,""lon"":32.313097715377815},{""lat"":58.5449698537912,""lon"":32.2739589214325},{""lat"":58.5446115402902,""lon"":32.241686582565315},{""lat"":58.555717555598484,""lon"":32.03912615776063},{""lat"":58.59724432867952,""lon"":32.02882647514344},{""lat"":58.59760210396068,""lon"":32.074145078659065},{""lat"":58.60439913900111,""lon"":32.09680438041688},{""lat"":58.62013456985249,""lon"":32.090624570846565},{""lat"":58.62227976165707,""lon"":32.09543108940125},{""lat"":58.62478231899034,""lon"":32.08581805229188},{""lat"":58.61834680941663,""lon"":32.0652186870575},{""lat"":58.63586291853952,""lon"":31.96359515190125},{""lat"":58.747900701846696,""lon"":31.984194517135624},{""lat"":58.74896938992906,""lon"":32.008227109909065},{""lat"":58.77603186686689,""lon"":31.971834897995},{""lat"":58.79275732759924,""lon"":31.98007464408875},{""lat"":58.83435806758397,""lon"":31.8235194683075},{""lat"":58.89506943080175,""lon"":31.89493060112},{""lat"":58.908191797220375,""lon"":31.85922503471375},{""lat"":58.94965406955342,""lon"":31.8894374370575},{""lat"":58.969127679597975,""lon"":31.85441851615906},{""lat"":59.00132350764399,""lon"":31.904543638229374},{""lat"":59.021474801087166,""lon"":31.962908506393436},{""lat"":59.015819488954484,""lon"":31.989687681198124},{""lat"":59.055387154893744,""lon"":32.02539324760438},{""lat"":59.04338035575868,""lon"":32.081698179245},{""lat"":59.074095269337384,""lon"":32.134569883346565},{""lat"":59.10090421670124,""lon"":32.22452044487},{""lat"":59.12522577945005,""lon"":32.33438372612},{""lat"":59.11394836022265,""lon"":32.42798745632172}]",https://picsum.photos/1986/1046
13,Валдайский район,"[{""lat"":58.106910441764995,""lon"":33.57619285583497},{""lat"":58.03718871323224,""lon"":33.55422019958497},{""lat"":58.025555184126034,""lon"":33.62013816833497},{""lat"":57.999365903024575,""lon"":33.66408348083497},{""lat"":57.89149735271034,""lon"":33.68605613708497},{""lat"":57.86520999736055,""lon"":33.58168601989747},{""lat"":57.82720544890439,""lon"":33.55422019958497},{""lat"":57.730552143898464,""lon"":33.57619285583497},{""lat"":57.707082064445736,""lon"":33.46083641052247},{""lat"":57.69240553526457,""lon"":33.44435691833497},{""lat"":57.68066002977237,""lon"":33.36745262145997},{""lat"":57.633639928856965,""lon"":33.30153465270997},{""lat"":57.633639928856965,""lon"":33.23012351989747},{""lat"":57.671848402248166,""lon"":33.27956199645997},{""lat"":57.67478584938936,""lon"":33.11476707458497},{""lat"":57.754007007325924,""lon"":32.97743797302247},{""lat"":57.80379809726253,""lon"":32.99391746520997},{""lat"":57.777446660664914,""lon"":32.88954734802247},{""lat"":57.818429472612095,""lon"":32.62587547302247},{""lat"":57.86228799417661,""lon"":32.58193016052247},{""lat"":57.894416984262435,""lon"":32.63686180114747},{""lat"":57.94984494826029,""lon"":32.59291648864747},{""lat"":57.94984494826029,""lon"":32.50502586364747},{""lat"":57.98189573232077,""lon"":32.48305320739747},{""lat"":58.016827553330415,""lon"":32.48305320739747},{""lat"":58.05463191137292,""lon"":32.52150535583497},{""lat"":58.025555184126034,""lon"":32.60390281677247},{""lat"":58.04591137650698,""lon"":32.80165672302247},{""lat"":58.08078074869217,""lon"":32.84010887145997},{""lat"":58.106910441764995,""lon"":32.90602684020997},{""lat"":58.1011054973059,""lon"":32.95546531677247},{""lat"":58.13519601546809,""lon"":32.995183467865},{""lat"":58.16128585228032,""lon"":33.03226232528687},{""lat"":58.22353420414235,""lon"":33.13913226127625},{""lat"":58.185908699466616,""lon"":33.12402606010438},{""lat"":58.17794434980202,""lon"":33.150805234909065},{""lat"":58.183736781054726,""lon"":33.16934466362},{""lat"":58.18916632826301,""lon"":33.15423846244813},{""lat"":58.19640443443354,""lon"":33.158358335495},{""lat"":58.19640443443354,""lon"":33.16934466362},{""lat"":58.14461955129671,""lon"":33.348559141159065},{""lat"":58.14353234751419,""lon"":33.466662168502815},{""lat"":58.12649515332223,""lon"":33.465975522995},{""lat"":58.10872429311116,""lon"":33.535326719284065},{""lat"":58.10845222129211,""lon"":33.53784531354905},{""lat"":58.107001136523984,""lon"":33.576125800609596}]",https://picsum.photos/1900/1013
14,Демянский район,"[{""lat"":57.633639928856965,""lon"":33.30140054225922},{""lat"":57.59539121116257,""lon"":33.32350730895997},{""lat"":57.51582286553883,""lon"":33.23561668395997},{""lat"":57.47154308701013,""lon"":33.25758934020997},{""lat"":57.42129439209407,""lon"":33.25209617614747},{""lat"":57.42129439209407,""lon"":33.18617820739747},{""lat"":57.45677122453565,""lon"":33.18617820739747},{""lat"":57.47154308701013,""lon"":33.12026023864747},{""lat"":57.44790524128591,""lon"":33.04335594177247},{""lat"":57.45677122453565,""lon"":32.93349266052247},{""lat"":57.45972607462754,""lon"":32.82912254333497},{""lat"":57.444949435839845,""lon"":32.71925926208497},{""lat"":57.498117398284776,""lon"":32.46558666229249},{""lat"":57.54973433821772,""lon"":32.15247631072999},{""lat"":57.49368968909966,""lon"":31.998667716979984},{""lat"":57.52319760837676,""lon"":31.987681388854984},{""lat"":57.592447334458846,""lon"":31.984934806823734},{""lat"":57.59391930259665,""lon"":32.00141429901124},{""lat"":57.70854939030575,""lon"":31.976201534271244},{""lat"":57.716618619739386,""lon"":31.989934444427494},{""lat"":57.733484833831604,""lon"":31.967961788177494},{""lat"":57.74521321629189,""lon"":32.006413936615},{""lat"":57.73715036192916,""lon"":32.028386592865},{""lat"":57.77232053588576,""lon"":32.06134557724},{""lat"":57.786964676516725,""lon"":32.06134557724},{""lat"":57.78037554816888,""lon"":32.13687658309937},{""lat"":57.92360026126559,""lon"":32.15335607528687},{""lat"":57.98553605397912,""lon"":32.116277217865},{""lat"":58.030645318817,""lon"":32.20828771591187},{""lat"":58.04155031094054,""lon"":32.2096610069275},{""lat"":58.05535852654769,""lon"":32.13962316513062},{""lat"":58.082232900469144,""lon"":32.1437430381775},{""lat"":58.083684993160425,""lon"":32.16708898544312},{""lat"":58.09021867912491,""lon"":32.33463048934937},{""lat"":58.081506831966465,""lon"":32.357976436615},{""lat"":58.0669823596297,""lon"":32.357976436615},{""lat"":58.048091709749386,""lon"":32.3634696006775},{""lat"":58.03209950995144,""lon"":32.35660314559937},{""lat"":58.02191893006346,""lon"":32.36758947372437},{""lat"":58.01173545198745,""lon"":32.39230871200562},{""lat"":58.03209950995144,""lon"":32.39368200302125},{""lat"":58.060444418990905,""lon"":32.44724035263062},{""lat"":58.0549952208076,""lon"":32.521151304245},{""lat"":58.017191247126746,""lon"":32.48201251029969},{""lat"":57.98225978113258,""lon"":32.48201251029969},{""lat"":57.95020932268829,""lon"":32.50398516654969},{""lat"":57.94984494826029,""lon"":32.59187579154969},{""lat"":57.894416984262435,""lon"":32.63582110404969},{""lat"":57.86265325754773,""lon"":32.582262754440315},{""lat"":57.81879518094696,""lon"":32.62483477592469},{""lat"":57.777812784594516,""lon"":32.88850665092469},{""lat"":57.80343223682339,""lon"":32.99287676811219},{""lat"":57.754007007325924,""lon"":32.97639727592469},{""lat"":57.67478584938936,""lon"":33.11372637748719},{""lat"":57.67221559615521,""lon"":33.27852129936219},{""lat"":57.633639928856965,""lon"":33.2297694683075},{""lat"":57.633823719696274,""lon"":33.30105721950532}]",https://picsum.photos/1977/1089
18,Волотовский район,"[{""lat"":57.645400667406605,""lon"":30.642843246459964},{""lat"":57.645400667406605,""lon"":30.516500473022464},{""lat"":57.69240553526457,""lon"":30.472555160522464},{""lat"":57.75107598132104,""lon"":30.489034652709964},{""lat"":57.789160785408214,""lon"":30.445089340209964},{""lat"":57.82720544890439,""lon"":30.543966293334964},{""lat"":57.87689563805621,""lon"":30.538473129272464},{""lat"":57.88857748404753,""lon"":30.456075668334964},{""lat"":57.90244474852416,""lon"":30.463274717330936},{""lat"":57.90244474852416,""lon"":30.468081235885624},{""lat"":57.89222728282702,""lon"":30.465334653854374},{""lat"":57.89003744801851,""lon"":30.482500791549686},{""lat"":57.89660655232966,""lon"":30.48112750053406},{""lat"":57.89843109051079,""lon"":30.490740537643433},{""lat"":57.89222728282702,""lon"":30.49486041069031},{""lat"":57.89259224232815,""lon"":30.50035357475281},{""lat"":57.8980661902835,""lon"":30.536992549896244},{""lat"":57.90974116027699,""lon"":30.54385900497437},{""lat"":57.91120026484344,""lon"":30.54935216903687},{""lat"":57.93380880891465,""lon"":30.553472042083744},{""lat"":57.94838741353607,""lon"":30.55209875106812},{""lat"":57.95348852598991,""lon"":30.58231115341187},{""lat"":57.96004603327342,""lon"":30.58231115341187},{""lat"":57.96368857478825,""lon"":30.601537227630615},{""lat"":57.97024421704643,""lon"":30.589177608489994},{""lat"":57.97024421704643,""lon"":30.556218624114994},{""lat"":57.980439500081395,""lon"":30.53287267684937},{""lat"":57.9899039517085,""lon"":30.50540685653687},{""lat"":57.977526858035816,""lon"":30.48343420028687},{""lat"":57.98480801923985,""lon"":30.46695470809937},{""lat"":57.99718259769781,""lon"":30.48480749130249},{""lat"":58.01391786986623,""lon"":30.48618078231812},{""lat"":58.02191893006346,""lon"":30.49442052841187},{""lat"":58.034280685772735,""lon"":30.48618078231812},{""lat"":58.04227719215484,""lon"":30.493047237396244},{""lat"":58.04009650416662,""lon"":30.531499385833744},{""lat"":58.04373091023902,""lon"":30.531499385833744},{""lat"":58.04554797470035,""lon"":30.54155230522156},{""lat"":58.03864263826433,""lon"":30.5600917339325},{""lat"":58.034280685772735,""lon"":30.597170591354374},{""lat"":58.04591137650698,""lon"":30.594424009323124},{""lat"":58.048455085690456,""lon"":30.6040370464325},{""lat"":58.036825222735004,""lon"":30.61845660209656},{""lat"":58.0419137533954,""lon"":30.652102231979374},{""lat"":58.037915683139616,""lon"":30.650042295455933},{""lat"":58.04772833011333,""lon"":30.666521787643436},{""lat"":58.049545191343704,""lon"":30.685061216354374},{""lat"":58.056811712562705,""lon"":30.70016741752625},{""lat"":58.06008116497254,""lon"":30.72557330131531},{""lat"":58.06407675599554,""lon"":30.754412412643436},{""lat"":58.06407675599554,""lon"":30.761965513229374},{""lat"":58.061534158880725,""lon"":30.77157855033875},{""lat"":58.054268598243645,""lon"":30.84848284721375},{""lat"":58.06262386552304,""lon"":30.860842466354374},{""lat"":58.05717499983024,""lon"":30.90135455131531},{""lat"":58.06117091594499,""lon"":30.921267271041874},{""lat"":58.05572182859322,""lon"":30.96727252006531},{""lat"":58.046274774618475,""lon"":30.987185239791874},{""lat"":58.041186864790255,""lon"":30.99748492240906},{""lat"":58.02773675913304,""lon"":30.974138975143436},{""lat"":58.02373710330169,""lon"":30.94735980033875},{""lat"":58.01464531291485,""lon"":30.939120054245},{""lat"":58.00700642329234,""lon"":30.937746763229374},{""lat"":58.003368283689184,""lon"":30.921267271041874},{""lat"":57.9899039517085,""lon"":30.90890765190125},{""lat"":57.94948057013108,""lon"":30.926760435104374},{""lat"":57.91958896617064,""lon"":30.92538714408875},{""lat"":57.91192979490484,""lon"":30.91234087944031},{""lat"":57.901350158971816,""lon"":30.918520689010624},{""lat"":57.87287912712076,""lon"":30.9006679058075},{""lat"":57.860096336108846,""lon"":30.88693499565125},{""lat"":57.857173917769416,""lon"":30.891054868698124},{""lat"":57.856808598795766,""lon"":30.862215757369995},{""lat"":57.83999991835078,""lon"":30.852602720260624},{""lat"":57.82172071408979,""lon"":30.855349302291874},{""lat"":57.82720544890439,""lon"":30.873202085495},{""lat"":57.81586941040353,""lon"":30.866335630416874},{""lat"":57.79977342835948,""lon"":30.8457362651825},{""lat"":57.783670262661126,""lon"":30.844362974166874},{""lat"":57.77158817295107,""lon"":30.85397601127625},{""lat"":57.73861646916252,""lon"":30.80478429794312},{""lat"":57.73788342297463,""lon"":30.839116573333744},{""lat"":57.721752647550325,""lon"":30.85422277450562},{""lat"":57.69387345579735,""lon"":30.852849483489994},{""lat"":57.677723058560225,""lon"":30.653475522995},{""lat"":57.64576812910094,""lon"":30.650042295455933}]",https://picsum.photos/1938/1082
19,Солецкий район,"[{""lat"":57.88857748404753,""lon"":30.45583695173264},{""lat"":57.900255536081346,""lon"":30.35582542419434},{""lat"":57.91192979490484,""lon"":30.35582542419434},{""lat"":57.903174456371495,""lon"":30.21849632263184},{""lat"":57.926517285371126,""lon"":30.16905784606934},{""lat"":57.94984494826029,""lon"":30.05919456481934},{""lat"":57.94984494826029,""lon"":29.89439964294434},{""lat"":57.98772006942263,""lon"":29.89439964294434},{""lat"":58.01100794978296,""lon"":29.94383811950684},{""lat"":58.04591137650698,""lon"":29.96581077575684},{""lat"":58.04591137650698,""lon"":29.91087913513184},{""lat"":58.0923963085905,""lon"":29.77904319763184},{""lat"":58.09529960778157,""lon"":29.66368675231934},{""lat"":58.13012077083487,""lon"":29.66917991638184},{""lat"":58.14461955129671,""lon"":29.69115257263184},{""lat"":58.21413156442685,""lon"":29.674673080444336},{""lat"":58.2040028592663,""lon"":29.74578380584717},{""lat"":58.212684783412925,""lon"":29.77874279022217},{""lat"":58.205449994019915,""lon"":29.79522228240967},{""lat"":58.199661101228784,""lon"":29.81994152069092},{""lat"":58.21702494960191,""lon"":29.84466075897217},{""lat"":58.23148833880538,""lon"":29.86663341522217},{""lat"":58.22714994091529,""lon"":29.89135265350342},{""lat"":58.20979104452482,""lon"":29.88860607147217},{""lat"":58.195318812495216,""lon"":29.87761974334717},{""lat"":58.208344086647706,""lon"":29.90508556365967},{""lat"":58.224257380967096,""lon"":29.93804454803467},{""lat"":58.23582620629246,""lon"":29.96276378631592},{""lat"":58.21557828648937,""lon"":30.069880485534668},{""lat"":58.23582620629246,""lon"":30.14129161834717},{""lat"":58.25317237300992,""lon"":30.12206554412842},{""lat"":58.258952543289496,""lon"":30.10558605194092},{""lat"":58.26617643077586,""lon"":30.11657238006592},{""lat"":58.26762103157288,""lon"":30.13854503631592},{""lat"":58.254617503943265,""lon"":30.14129161834717},{""lat"":58.25172718316509,""lon"":30.15502452850342},{""lat"":58.25172718316509,""lon"":30.20446300506592},{""lat"":58.25606257596669,""lon"":30.256497859954838},{""lat"":58.27123227589592,""lon"":30.286710262298588},{""lat"":58.25534004731865,""lon"":30.338895320892338},{""lat"":58.23944069072484,""lon"":30.406186580657963},{""lat"":58.23944069072484,""lon"":30.439145565032963},{""lat"":58.24739126014709,""lon"":30.466611385345463},{""lat"":58.225703690410995,""lon"":30.474851131439213},{""lat"":58.225703690410995,""lon"":30.502316951751713},{""lat"":58.184822756849194,""lon"":30.522460341453556},{""lat"":58.17921152478348,""lon"":30.53207337856293},{""lat"":58.131570914523685,""lon"":30.536992549896244},{""lat"":58.11198899299199,""lon"":30.545232295989994},{""lat"":58.106184875387626,""lon"":30.536992549896244},{""lat"":58.11416529348452,""lon"":30.528752803802494},{""lat"":58.098928399489154,""lon"":30.51913976669312},{""lat"":58.06916140721414,""lon"":30.49991369247437},{""lat"":58.081506831966465,""lon"":30.555971860885624},{""lat"":58.06189739812229,""lon"":30.57725787162781},{""lat"":58.04591137650698,""lon"":30.59373736381531},{""lat"":58.03464420214053,""lon"":30.595110654830936},{""lat"":58.03864263826433,""lon"":30.558718442916874},{""lat"":58.04554797470035,""lon"":30.540179014205936},{""lat"":58.04373091023902,""lon"":30.53056597709656},{""lat"":58.04045996140332,""lon"":30.531939268112186},{""lat"":58.04227719215484,""lon"":30.492800474166874},{""lat"":58.034280685772735,""lon"":30.48593401908875},{""lat"":58.02191893006346,""lon"":30.493487119674686},{""lat"":58.01391786986623,""lon"":30.485247373580936},{""lat"":57.99791038093273,""lon"":30.484560728073124},{""lat"":57.98553605397912,""lon"":30.468081235885624},{""lat"":57.97789095123939,""lon"":30.4831874370575},{""lat"":57.99026791914396,""lon"":30.504473447799686},{""lat"":57.97060838424362,""lon"":30.555971860885624},{""lat"":57.97024421704643,""lon"":30.588930845260624},{""lat"":57.9640528085875,""lon"":30.599917173385624},{""lat"":57.96041030407706,""lon"":30.5820643901825},{""lat"":57.953852863407135,""lon"":30.581377744674686},{""lat"":57.94838741353607,""lon"":30.55185198783875},{""lat"":57.93380880891465,""lon"":30.553225278854374},{""lat"":57.91120026484344,""lon"":30.548418760299686},{""lat"":57.91010594197411,""lon"":30.542925596237186},{""lat"":57.89843109051079,""lon"":30.536745786666874},{""lat"":57.89259224232815,""lon"":30.50035357475281},{""lat"":57.892957198124485,""lon"":30.493487119674686},{""lat"":57.89879598703365,""lon"":30.48936724662781},{""lat"":57.89697146737487,""lon"":30.480440855026245},{""lat"":57.89040242974881,""lon"":30.48112750053406},{""lat"":57.89259224232815,""lon"":30.46464800834656},{""lat"":57.90280960429989,""lon"":30.46670794487},{""lat"":57.90244474852416,""lon"":30.462588071823124}]",https://picsum.photos/1975/1006
20,Шимский район,"[{""lat"":58.21413156442685,""lon"":29.67445313930512},{""lat"":58.25172718316509,""lon"":29.665060043334964},{""lat"":58.254617503943265,""lon"":29.780416488647464},{""lat"":58.315259825745926,""lon"":29.917745590209964},{""lat"":58.44485824469768,""lon"":29.895772933959964},{""lat"":58.45060712824176,""lon"":29.95070457458496},{""lat"":58.439827200984574,""lon"":29.97806310653687},{""lat"":58.42329156394648,""lon"":30.006902217864994},{""lat"":58.430481925680056,""lon"":30.02338171005249},{""lat"":58.4168189829108,""lon"":30.037114620208744},{""lat"":58.42329156394648,""lon"":30.059087276458744},{""lat"":58.40962583106036,""lon"":30.10165929794312},{""lat"":58.40962583106036,""lon"":30.163457393646244},{""lat"":58.39019698411526,""lon"":30.18405675888062},{""lat"":58.402431210456925,""lon"":30.21152257919312},{""lat"":58.398113733015876,""lon"":30.293920040130615},{""lat"":58.404589750868105,""lon"":30.33099889755249},{""lat"":58.40530923496058,""lon"":30.344731807708744},{""lat"":58.40890643509699,""lon"":30.341985225677494},{""lat"":58.40962583106036,""lon"":30.363957881927494},{""lat"":58.40530923496058,""lon"":30.35709142684937},{""lat"":58.4002725378412,""lon"":30.380437374114994},{""lat"":58.402431210456925,""lon"":30.41202306747437},{""lat"":58.418976642086974,""lon"":30.45596837997437},{""lat"":58.42113416909718,""lon"":30.48480749130249},{""lat"":58.430481925680056,""lon"":30.493047237396244},{""lat"":58.43767081920155,""lon"":30.512273311614994},{""lat"":58.44629555365028,""lon"":30.49991369247437},{""lat"":58.455636630802694,""lon"":30.51913976669312},{""lat"":58.46497522778118,""lon"":30.56583166122437},{""lat"":58.46066541425993,""lon"":30.57407140731812},{""lat"":58.452762717396915,""lon"":30.56033849716187},{""lat"":58.441264715441136,""lon"":30.550725460052494},{""lat"":58.44557690651308,""lon"":30.57132482528687},{""lat"":58.45348121776238,""lon"":30.600163936614994},{""lat"":58.46569347867757,""lon"":30.616643428802494},{""lat"":58.47072082411973,""lon"":30.66196203231812},{""lat"":58.4714389576376,""lon"":30.71414709091187},{""lat"":58.4714389576376,""lon"":30.756719112396244},{""lat"":58.45994706064752,""lon"":30.756719112396244},{""lat"":58.452044202355125,""lon"":30.751225948333744},{""lat"":58.4563550724647,""lon"":30.737493038177494},{""lat"":58.43910842173683,""lon"":30.72513341903687},{""lat"":58.429043970796265,""lon"":30.704534053802494},{""lat"":58.431919821835336,""lon"":30.693547725677494},{""lat"":58.424729753759124,""lon"":30.681188106536865},{""lat"":58.4168189829108,""lon"":30.701787471771244},{""lat"":58.42113416909718,""lon"":30.734746456146244},{""lat"":58.41753821732159,""lon"":30.742986202239994},{""lat"":58.4261678848373,""lon"":30.759465694427494},{""lat"":58.434795437966436,""lon"":30.762212276458744},{""lat"":58.43263874789026,""lon"":30.78006505966187},{""lat"":58.3455420520603,""lon"":30.79105138778687},{""lat"":58.33977600913228,""lon"":30.756719112396244},{""lat"":58.300108981521014,""lon"":30.759465694427494},{""lat"":58.30155219863955,""lon"":30.740239620208744},{""lat"":58.28928297676366,""lon"":30.73886632919312},{""lat"":58.28856112537133,""lon"":30.756719112396244},{""lat"":58.27412100633513,""lon"":30.756719112396244},{""lat"":58.28278578434131,""lon"":30.80797076225281},{""lat"":58.26111986415397,""lon"":30.85191607475281},{""lat"":58.28747832068514,""lon"":30.89586138725281},{""lat"":58.277370546512216,""lon"":30.945986509323124},{""lat"":58.280619788575834,""lon"":30.95079302787781},{""lat"":58.278814690899175,""lon"":30.961092710495},{""lat"":58.25100456615043,""lon"":31.045550107955936},{""lat"":58.17975458595035,""lon"":31.02769732475281},{""lat"":58.17468569246626,""lon"":31.01396441459656},{""lat"":58.171788857453514,""lon"":31.02495074272156},{""lat"":58.16889178646203,""lon"":31.02426409721375},{""lat"":58.165632299513625,""lon"":31.031817197799683},{""lat"":58.16309693649573,""lon"":31.03868365287781},{""lat"":58.15802566835698,""lon"":31.04143023490906},{""lat"":58.14027053696002,""lon"":30.995671749114994},{""lat"":58.151866728097076,""lon"":30.94211339950562},{""lat"":58.13084585005881,""lon"":30.89267492294312},{""lat"":58.11634146110708,""lon"":30.87207555770874},{""lat"":58.11198899299199,""lon"":30.80203771591187},{""lat"":58.127220306344405,""lon"":30.73611974716187},{""lat"":58.14027053696002,""lon"":30.742986202239994},{""lat"":58.15838792576698,""lon"":30.751225948333744},{""lat"":58.183736781054726,""lon"":30.70590734481812},{""lat"":58.17903050255118,""lon"":30.533312559127808},{""lat"":58.184822756849194,""lon"":30.521639585495},{""lat"":58.225703690410995,""lon"":30.501040220260624},{""lat"":58.226426823030486,""lon"":30.473574399948124},{""lat"":58.24811395080571,""lon"":30.465334653854374},{""lat"":58.23944069072484,""lon"":30.438555479049686},{""lat"":58.23980211891205,""lon"":30.405596494674686},{""lat"":58.25570131348355,""lon"":30.33830523490906},{""lat"":58.27159338008341,""lon"":30.28612017631531},{""lat"":58.25642383476802,""lon"":30.25522112846375},{""lat"":58.25208848614931,""lon"":30.20303606987},{""lat"":58.25172718316509,""lon"":30.15428423881531},{""lat"":58.25497877747189,""lon"":30.13986468315125},{""lat"":58.26762103157288,""lon"":30.13711810112},{""lat"":58.26653758649676,""lon"":30.11514544487},{""lat"":58.25931377263744,""lon"":30.105532407760624},{""lat"":58.25317237300992,""lon"":30.12132525444031},{""lat"":58.2365491326428,""lon"":30.13986468315125},{""lat"":58.215939957794006,""lon"":30.06845355033875},{""lat"":58.236187671309146,""lon"":29.96202349662781},{""lat"":58.195318812495216,""lon"":29.87619280815125},{""lat"":58.21015277478219,""lon"":29.88786578178406},{""lat"":58.22714994091529,""lon"":29.8899257183075},{""lat"":58.23148833880538,""lon"":29.865206480026245},{""lat"":58.20038476442119,""lon"":29.819887876510624},{""lat"":58.205811768495714,""lon"":29.79448199272156},{""lat"":58.212684783412925,""lon"":29.77800250053406},{""lat"":58.2040028592663,""lon"":29.74435687065125}]",https://picsum.photos/1969/1024
21,Батецкий район,"[{""lat"":58.450696947093775,""lon"":29.950508773326877},{""lat"":58.44485824469768,""lon"":30.033102035522464},{""lat"":58.49082301741564,""lon"":30.09902000427246},{""lat"":58.54532816362913,""lon"":30.148458480834964},{""lat"":58.588298757204434,""lon"":30.10451316833496},{""lat"":58.74255676871156,""lon"":30.126485824584964},{""lat"":58.74540696858028,""lon"":30.373678207397464},{""lat"":58.70833614572296,""lon"":30.401144027709964},{""lat"":58.722598828043395,""lon"":30.56044578552246},{""lat"":58.722598828043395,""lon"":30.681295394897464},{""lat"":58.77104825721719,""lon"":30.725240707397464},{""lat"":58.85354158266562,""lon"":30.692281723022464},{""lat"":58.859223547066584,""lon"":30.741720199584964},{""lat"":58.82618408465258,""lon"":30.757158994674686},{""lat"":58.81551947036185,""lon"":30.751665830612186},{""lat"":58.81267501917159,""lon"":30.782564878463745},{""lat"":58.78492939153298,""lon"":30.778445005416874},{""lat"":58.775319966406805,""lon"":30.783938169479374},{""lat"":58.77887932279546,""lon"":30.80522418022156},{""lat"":58.76641997943265,""lon"":30.81003069877625},{""lat"":58.74505070637151,""lon"":30.825823545455936},{""lat"":58.73400476743346,""lon"":30.8457362651825},{""lat"":58.744338171004216,""lon"":30.8677089214325},{""lat"":58.74683198091693,""lon"":30.90684771537781},{""lat"":58.73828103089734,""lon"":30.929507017135624},{""lat"":58.7111891496366,""lon"":30.89380145072937},{""lat"":58.69049957490951,""lon"":30.873202085495},{""lat"":58.67015474264806,""lon"":30.84848284721375},{""lat"":58.661227824640946,""lon"":30.82445025444031},{""lat"":58.67122581929801,""lon"":30.829256772995},{""lat"":58.67658070916538,""lon"":30.82445025444031},{""lat"":58.66658424957949,""lon"":30.8127772808075},{""lat"":58.651584187065055,""lon"":30.78325152397156},{""lat"":58.63443336125764,""lon"":30.79629778862},{""lat"":58.62478231899034,""lon"":30.794924497604374},{""lat"":58.615843791158845,""lon"":30.770205259323124},{""lat"":58.55894122336624,""lon"":30.767705440521244},{""lat"":58.530992912684546,""lon"":30.764958858489994},{""lat"":58.513065604861715,""lon"":30.729253292083744},{""lat"":58.49799958533018,""lon"":30.767705440521244},{""lat"":58.4714389576376,""lon"":30.75578570365906},{""lat"":58.47090035887465,""lon"":30.661591887474064},{""lat"":58.46551391732909,""lon"":30.61592996120453},{""lat"":58.4536608405606,""lon"":30.600137114524845},{""lat"":58.445397242435334,""lon"":30.569924712181095},{""lat"":58.44162408488062,""lon"":30.55035531520844},{""lat"":58.45294234386417,""lon"":30.559625029563907},{""lat"":58.46084500037018,""lon"":30.573701262474064},{""lat"":58.46497522778118,""lon"":30.565118193626407},{""lat"":58.455816242594004,""lon"":30.518769621849064},{""lat"":58.44647521314114,""lon"":30.499543547630314},{""lat"":58.43767081920155,""lon"":30.511559844017032},{""lat"":58.430481925680056,""lon"":30.492333769798282},{""lat"":58.42113416909718,""lon"":30.484094023704532},{""lat"":58.418976642086974,""lon"":30.455598235130314},{""lat"":58.402611093873944,""lon"":30.411652922630314},{""lat"":58.40045243227543,""lon"":30.379380583763126},{""lat"":58.40548910368861,""lon"":30.356721282005314},{""lat"":58.409805677756275,""lon"":30.363244414329532},{""lat"":58.40890643509699,""lon"":30.34161508083344},{""lat"":58.40548910368861,""lon"":30.344018340110782},{""lat"":58.404769623268294,""lon"":30.33062875270844},{""lat"":58.398113733015876,""lon"":30.293206572532657},{""lat"":58.402611093873944,""lon"":30.211152434349064},{""lat"":58.39037692996884,""lon"":30.183686614036564},{""lat"":58.409805677756275,""lon"":30.162743926048282},{""lat"":58.40962583106036,""lon"":30.10128915309906},{""lat"":58.42347134088517,""lon"":30.05871713161469},{""lat"":58.41699879289026,""lon"":30.03674447536469},{""lat"":58.430481925680056,""lon"":30.022668242454532},{""lat"":58.42329156394648,""lon"":30.00618875026703},{""lat"":58.44000689350277,""lon"":29.977692961692814}]",https://picsum.photos/1999/1062
1,Чудовский район,"[{""lat"":59.012284446745994,""lon"":31.247091293334964},{""lat"":59.00945615147479,""lon"":31.274557113647464},{""lat"":59.07727110669419,""lon"":31.439352035522464},{""lat"":59.07727110669419,""lon"":31.461324691772464},{""lat"":59.201251323437596,""lon"":31.510763168334964},{""lat"":59.22936606822124,""lon"":31.576681137084964},{""lat"":59.30235609098392,""lon"":31.538228988647464},{""lat"":59.366793908532124,""lon"":31.576681137084964},{""lat"":59.37239142233719,""lon"":31.692037582397464},{""lat"":59.32478310834112,""lon"":31.779928207397464},{""lat"":59.41993301322725,""lon"":31.966695785522464},{""lat"":59.383583679536315,""lon"":32.10402488708497},{""lat"":59.32478310834112,""lon"":32.19740867614747},{""lat"":59.29113703426701,""lon"":32.21938133239747},{""lat"":59.28272031381474,""lon"":32.29079246520997},{""lat"":59.24341475839977,""lon"":32.31276512145997},{""lat"":59.234986238722,""lon"":32.27980613708497},{""lat"":59.19562559533593,""lon"":32.28529930114747},{""lat"":59.150586404259755,""lon"":32.42262840270997},{""lat"":59.11394836022265,""lon"":32.42812156677247},{""lat"":59.12522577945005,""lon"":32.33463048934937},{""lat"":59.10055160339275,""lon"":32.226140499115},{""lat"":59.073742380381084,""lon"":32.134130001068115},{""lat"":59.04338035575868,""lon"":32.08194494247437},{""lat"":59.055387154893744,""lon"":32.02564001083375},{""lat"":59.015819488954484,""lon"":31.989934444427494},{""lat"":59.021474801087166,""lon"":31.962468624114994},{""lat"":59.00096987084293,""lon"":31.904790401458744},{""lat"":58.96841974099887,""lon"":31.855351924896244},{""lat"":58.949299902113545,""lon"":31.88968420028687},{""lat"":58.908191797220375,""lon"":31.85947179794312},{""lat"":58.8947147030972,""lon"":31.89517736434937},{""lat"":58.81018593299694,""lon"":31.794927120208744},{""lat"":58.8443064015689,""lon"":31.657351255416874},{""lat"":58.832225910064096,""lon"":31.627385616302494},{""lat"":58.85567242859108,""lon"":31.487309932708744},{""lat"":58.86561464247931,""lon"":31.46396398544312},{""lat"":58.88513567910506,""lon"":31.27214312553406},{""lat"":58.94079879262313,""lon"":31.325701475143436},{""lat"":58.96664983088859,""lon"":31.28793597221375}]",https://picsum.photos/1921/1055
3,Любытинский район,"[{""lat"":59.130863097255904,""lon"":32.65334129333497},{""lat"":59.18155722094256,""lon"":32.74672508239747},{""lat"":59.22093407615045,""lon"":32.77419090270997},{""lat"":59.234986238722,""lon"":32.74672508239747},{""lat"":59.2771080105117,""lon"":32.74672508239747},{""lat"":59.338792483494494,""lon"":32.81813621520997},{""lat"":59.36399480528493,""lon"":32.92799949645997},{""lat"":59.39477224351406,""lon"":32.97743797302247},{""lat"":59.41993301322725,""lon"":32.97743797302247},{""lat"":59.42272750081453,""lon"":33.04335594177247},{""lat"":59.38638116673932,""lon"":33.11476707458497},{""lat"":59.37239142233719,""lon"":33.21364402770997},{""lat"":59.32478310834112,""lon"":33.29604148864747},{""lat"":59.32478310834112,""lon"":33.34547996520997},{""lat"":59.37518983291977,""lon"":33.35097312927247},{""lat"":59.383583679536315,""lon"":33.41139793395997},{""lat"":59.383583679536315,""lon"":33.59816551208497},{""lat"":59.330387551573885,""lon"":33.63661766052247},{""lat"":59.265880628258095,""lon"":33.80690574645997},{""lat"":59.21531159041328,""lon"":33.80690574645997},{""lat"":59.206876125026426,""lon"":33.87282371520997},{""lat"":59.206876125026426,""lon"":33.93874168395997},{""lat"":59.18437135920059,""lon"":33.94423484802247},{""lat"":59.150586404259755,""lon"":34.03761863708497},{""lat"":59.1054878597522,""lon"":33.97719383239747},{""lat"":59.05185617891852,""lon"":33.90028953552247},{""lat"":59.00379886353548,""lon"":33.87831687927247},{""lat"":58.99248149772712,""lon"":33.69704246520997},{""lat"":58.93583884471032,""lon"":33.70802879333497},{""lat"":58.859223547066584,""lon"":33.72450828552247},{""lat"":58.802361927759456,""lon"":33.76296043395997},{""lat"":58.73970633523893,""lon"":33.70802879333497},{""lat"":58.68264859034907,""lon"":33.57619285583497},{""lat"":58.65408464530598,""lon"":33.44985008239747},{""lat"":58.7111891496366,""lon"":33.21364402770997},{""lat"":58.7682001592396,""lon"":33.11476707458497},{""lat"":58.790978406215565,""lon"":33.02138328552247},{""lat"":58.79951639742838,""lon"":32.94997215270997},{""lat"":58.83649009392136,""lon"":32.99391746520997},{""lat"":58.837200740216396,""lon"":32.99836993217469},{""lat"":58.8606438924711,""lon"":32.98463702201844},{""lat"":58.86951973101091,""lon"":33.013476133346565},{""lat"":58.8936504981439,""lon"":33.016222715377815},{""lat"":58.90677340320982,""lon"":32.99081683158875},{""lat"":58.922372535237955,""lon"":32.98120379447938},{""lat"":58.93938173738755,""lon"":32.98463702201844},{""lat"":58.947883195991196,""lon"":32.89605975151063},{""lat"":58.973021082000685,""lon"":32.89125323295594},{""lat"":58.99248149772712,""lon"":32.68251299858094},{""lat"":59.0451463246606,""lon"":32.69349932670594},{""lat"":59.04903113682644,""lon"":32.65161395072938},{""lat"":59.083621899911925,""lon"":32.653673887252815},{""lat"":59.08961879219101,""lon"":32.6474940776825},{""lat"":59.125578138994676,""lon"":32.652987241745}]",https://picsum.photos/1979/1013
4,Хвойнинский район,"[{""lat"":59.15621954800389,""lon"":34.03212547302247},{""lat"":59.147769484619786,""lon"":34.13100242614747},{""lat"":59.17311341583366,""lon"":34.13100242614747},{""lat"":59.18437135920059,""lon"":34.21339988708497},{""lat"":59.19843857520702,""lon"":34.24086570739747},{""lat"":59.18437135920059,""lon"":34.35622215270997},{""lat"":59.16185176444876,""lon"":34.40016746520997},{""lat"":59.12804455432675,""lon"":34.54298973083497},{""lat"":59.11394836022265,""lon"":34.70778465270997},{""lat"":59.08856059324886,""lon"":34.74623680114747},{""lat"":59.05750556628013,""lon"":34.76271629333497},{""lat"":59.05185617891852,""lon"":34.86159324645997},{""lat"":58.983991031797785,""lon"":34.90553855895997},{""lat"":58.93300426869364,""lon"":35.04286766052247},{""lat"":58.944341176136966,""lon"":35.15822410583497},{""lat"":58.91031927906605,""lon"":35.19118309020997},{""lat"":58.876263846088314,""lon"":35.13625144958497},{""lat"":58.83080439883584,""lon"":35.13625144958497},{""lat"":58.81658607941149,""lon"":35.19667625427247},{""lat"":58.81658607941149,""lon"":35.24611473083497},{""lat"":58.79667063373541,""lon"":35.25160789489747},{""lat"":58.790978406215565,""lon"":35.28456687927247},{""lat"":58.75965446428805,""lon"":35.25160789489747},{""lat"":58.75110666755426,""lon"":35.35597801208497},{""lat"":58.69977573144006,""lon"":35.24062156677247},{""lat"":58.7111891496366,""lon"":35.15822410583497},{""lat"":58.72545066339352,""lon"":34.89905834197999},{""lat"":58.753956166683714,""lon"":34.81940746307374},{""lat"":58.758229977465014,""lon"":34.71778392791749},{""lat"":58.73828103089734,""lon"":34.70405101776124},{""lat"":58.736855668150255,""lon"":34.52826976776124},{""lat"":58.72402477492876,""lon"":34.34150218963624},{""lat"":58.70120261326082,""lon"":34.1652274131775},{""lat"":58.70191603225429,""lon"":34.14737462997437},{""lat"":58.741131581176504,""lon"":33.94599437713624},{""lat"":58.77816748069971,""lon"":33.74000072479249},{""lat"":58.802361927759456,""lon"":33.76197338104249},{""lat"":58.859933727053345,""lon"":33.72346758842469},{""lat"":58.99248149772712,""lon"":33.69668841362},{""lat"":59.00415247127513,""lon"":33.8779628276825},{""lat"":59.052209292847714,""lon"":33.89924883842469},{""lat"":59.150586404259755,""lon"":34.03657793998719}]",https://picsum.photos/1996/1065
5,Пестовский район,"[{""lat"":58.79382463666854,""lon"":35.27907371520997},{""lat"":58.79382463666854,""lon"":35.32851219177247},{""lat"":58.808052288384594,""lon"":35.32301902770997},{""lat"":58.85638268142572,""lon"":35.43288230895997},{""lat"":58.84501688754853,""lon"":35.54274559020997},{""lat"":58.808052288384594,""lon"":35.62514305114747},{""lat"":58.81658607941149,""lon"":35.70204734802247},{""lat"":58.83080439883584,""lon"":35.71303367614747},{""lat"":58.82796120145642,""lon"":35.75697898864747},{""lat"":58.77389612171181,""lon"":35.76247215270997},{""lat"":58.73400476743346,""lon"":35.98769187927247},{""lat"":58.722598828043395,""lon"":36.00966453552247},{""lat"":58.70833614572296,""lon"":36.13051414489747},{""lat"":58.65122696412081,""lon"":36.13051414489747},{""lat"":58.59402418646221,""lon"":36.21840476989747},{""lat"":58.51952049108999,""lon"":36.20192527770997},{""lat"":58.510913712234455,""lon"":36.13600730895997},{""lat"":58.496564389069675,""lon"":36.11403465270997},{""lat"":58.459228692360625,""lon"":35.94374656677247},{""lat"":58.424729753759124,""lon"":35.92726707458497},{""lat"":58.418976642086974,""lon"":35.86684226989747},{""lat"":58.459228692360625,""lon"":35.62514305114747},{""lat"":58.44773280389084,""lon"":35.51527976989747},{""lat"":58.40746759910688,""lon"":35.46034812927247},{""lat"":58.41034521233622,""lon"":35.32301902770997},{""lat"":58.401711667608,""lon"":35.28456687927247},{""lat"":58.430481925680056,""lon"":35.20480871200562},{""lat"":58.441264715441136,""lon"":35.21167516708375},{""lat"":58.44629555365028,""lon"":35.15125036239625},{""lat"":58.45994706064752,""lon"":35.148503780365},{""lat"":58.46497522778118,""lon"":35.18970251083375},{""lat"":58.47718349762328,""lon"":35.19931554794312},{""lat"":58.489387527841615,""lon"":35.18008947372437},{""lat"":58.49441148469153,""lon"":35.17322301864625},{""lat"":58.56395522807064,""lon"":35.18195629119874},{""lat"":58.63407596279423,""lon"":35.17096996307374},{""lat"":58.67979324840283,""lon"":35.21766185760499},{""lat"":58.69995409486392,""lon"":35.24014413356782},{""lat"":58.75128476809253,""lon"":35.35584390163422},{""lat"":58.75983252103588,""lon"":35.25147378444672},{""lat"":58.790978406215565,""lon"":35.28477609157563}]",https://picsum.photos/1933/1045
22,Старорусский район,"[{""lat"":57.39022393740344,""lon"":31.72488927841187},{""lat"":57.41833643643223,""lon"":31.797673702239994},{""lat"":57.43755887715594,""lon"":31.84848546981812},{""lat"":57.460464749836014,""lon"":31.915776729583744},{""lat"":57.49516565182901,""lon"":31.99680089950562},{""lat"":57.52319760837676,""lon"":31.987187862396244},{""lat"":57.592447334458846,""lon"":31.984441280364994},{""lat"":57.594655264326015,""lon"":31.99954748153687},{""lat"":57.70818256441511,""lon"":31.975954771041874},{""lat"":57.716985360162965,""lon"":31.98900103569031},{""lat"":57.733484833831604,""lon"":31.967715024948124},{""lat"":57.740082516966254,""lon"":31.92264318466187},{""lat"":57.755472431206044,""lon"":31.83749914169312},{""lat"":57.78183990283768,""lon"":31.86496496200562},{""lat"":57.7649962383007,""lon"":31.78943395614624},{""lat"":57.76133353261141,""lon"":31.73587560653687},{""lat"":57.80818813313426,""lon"":31.71664953231812},{""lat"":57.85571261963254,""lon"":31.745488643646244},{""lat"":57.91047071996754,""lon"":31.71939611434937},{""lat"":57.90390414940234,""lon"":31.668584346771244},{""lat"":57.9155772230009,""lon"":31.605412960052494},{""lat"":57.929434072506176,""lon"":31.59305334091187},{""lat"":57.955674494979526,""lon"":31.57657384872437},{""lat"":57.965873922079695,""lon"":31.59305334091187},{""lat"":57.99063188288074,""lon"":31.56558752059937},{""lat"":58.008097793068906,""lon"":31.536748409271244},{""lat"":58.034280685772735,""lon"":31.52988195419312},{""lat"":58.060444418990905,""lon"":31.56284093856812},{""lat"":58.09312215554111,""lon"":31.558721065521244},{""lat"":58.106184875387626,""lon"":31.52713537216187},{""lat"":58.13374601936558,""lon"":31.52713537216187},{""lat"":58.15476518570204,""lon"":31.542241573333744},{""lat"":58.15331598640629,""lon"":31.56833410263062},{""lat"":58.15621432598575,""lon"":31.591680049896244},{""lat"":58.185184741407966,""lon"":31.608159542083744},{""lat"":58.199661101228784,""lon"":31.588933467864994},{""lat"":58.21413156442685,""lon"":31.54636144638062},{""lat"":58.230042265110995,""lon"":31.555974483489994},{""lat"":58.274843152138224,""lon"":31.53812170028687},{""lat"":58.25100456615043,""lon"":31.045110225677494},{""lat"":58.180116622119954,""lon"":31.027010679245},{""lat"":58.17540986434915,""lon"":31.012591123580936},{""lat"":58.171788857453514,""lon"":31.02426409721375},{""lat"":58.16852963599527,""lon"":31.022890806198124},{""lat"":58.163459142275535,""lon"":31.03868365287781},{""lat"":58.15802566835698,""lon"":31.040056943893436},{""lat"":58.13990809511954,""lon"":30.995424985885624},{""lat"":58.15222904820698,""lon"":30.94186663627625},{""lat"":58.13084585005881,""lon"":30.891741514205936},{""lat"":58.11670414279326,""lon"":30.871828794479374},{""lat"":58.11198899299199,""lon"":30.801104307174686},{""lat"":58.127220306344405,""lon"":30.7358729839325},{""lat"":58.15838792576698,""lon"":30.75029253959656},{""lat"":58.183736781054726,""lon"":30.70566058158875},{""lat"":58.17903050255118,""lon"":30.531939268112186},{""lat"":58.13193344122151,""lon"":30.53605914115906},{""lat"":58.11235171896806,""lon"":30.54429888725281},{""lat"":58.106184875387626,""lon"":30.536745786666874},{""lat"":58.11416529348452,""lon"":30.52781939506531},{""lat"":58.06988772685925,""lon"":30.50035357475281},{""lat"":58.081506831966465,""lon"":30.554598569869995},{""lat"":58.04591137650698,""lon"":30.5930507183075},{""lat"":58.048455085690456,""lon"":30.602663755416874},{""lat"":58.036825222735004,""lon"":30.61776995658875},{""lat"":58.0419137533954,""lon"":30.65072894096375},{""lat"":58.0382791625498,""lon"":30.650042295455933},{""lat"":58.04772833011333,""lon"":30.66583514213562},{""lat"":58.05027190997123,""lon"":30.685061216354374},{""lat"":58.05717499983024,""lon"":30.699480772018436},{""lat"":58.06443996937859,""lon"":30.75303912162781},{""lat"":58.06407675599554,""lon"":30.76059222221375},{""lat"":58.06189739812229,""lon"":30.7688319683075},{""lat"":58.054268598243645,""lon"":30.847109556198124},{""lat"":58.06298709368225,""lon"":30.86015582084656},{""lat"":58.05717499983024,""lon"":30.9006679058075},{""lat"":58.061534158880725,""lon"":30.91989398002625},{""lat"":58.05572182859322,""lon"":30.965899229049686},{""lat"":58.041186864790255,""lon"":30.996111631393436},{""lat"":58.02737317253944,""lon"":30.974138975143436},{""lat"":58.02410072685957,""lon"":30.946673154830936},{""lat"":58.01500902889347,""lon"":30.938433408737186},{""lat"":58.00773400684094,""lon"":30.93706011772156},{""lat"":58.00373211428939,""lon"":30.92058062553406},{""lat"":57.99063188288074,""lon"":30.908221006393436},{""lat"":57.94948057013108,""lon"":30.926760435104374},{""lat"":57.91958896617064,""lon"":30.924700498580936},{""lat"":57.91192979490484,""lon"":30.9116542339325},{""lat"":57.90171502586015,""lon"":30.916460752487186},{""lat"":57.87360943518956,""lon"":30.899981260299686},{""lat"":57.86046162172038,""lon"":30.886248350143436},{""lat"":57.857539233036114,""lon"":30.890196561813358},{""lat"":57.856808598795766,""lon"":30.862006545066837},{""lat"":57.8398171722002,""lon"":30.852393507957462},{""lat"":57.82208638904099,""lon"":30.85548341274262},{""lat"":57.827022637855606,""lon"":30.872306227684025},{""lat"":57.81605227801781,""lon"":30.86646974086762},{""lat"":57.799590478196244,""lon"":30.845527052879337},{""lat"":57.78348723085434,""lon"":30.84449708461762},{""lat"":57.77177126507684,""lon"":30.854110121726993},{""lat"":57.73861646916252,""lon"":30.804671645164493},{""lat"":57.73806668591449,""lon"":30.838317275047306},{""lat"":57.72193599221776,""lon"":30.853766798973087},{""lat"":57.69350648123988,""lon"":30.85273683071137},{""lat"":57.71625187560007,""lon"":31.144904494285587},{""lat"":57.69442391066401,""lon"":31.191596388816837},{""lat"":57.68286260202798,""lon"":31.227301955223087},{""lat"":57.67294997281398,""lon"":31.24343812465668},{""lat"":57.671114003278646,""lon"":31.273993849754337},{""lat"":57.64558439871878,""lon"":31.322745680809025},{""lat"":57.649809962218995,""lon"":31.34162843227387},{""lat"":57.63529401292381,""lon"":31.34437501430512},{""lat"":57.63676424661996,""lon"":31.363944411277775},{""lat"":57.614520602131556,""lon"":31.372184157371525},{""lat"":57.597231013099176,""lon"":31.402396559715275},{""lat"":57.58821509421548,""lon"":31.47071778774262},{""lat"":57.560233123968445,""lon"":31.42745912075043},{""lat"":57.560233123968445,""lon"":31.434325575828556},{""lat"":57.55433944137348,""lon"":31.467284560203556},{""lat"":57.55875979273049,""lon"":31.479987502098087},{""lat"":57.5667703122573,""lon"":31.49129837751389},{""lat"":57.56078560781571,""lon"":31.509151160717014},{""lat"":57.54890535782363,""lon"":31.489925086498264},{""lat"":57.513610151911344,""lon"":31.476363837718967},{""lat"":57.47680412091425,""lon"":31.491126716136936},{""lat"":57.469419999169375,""lon"":31.49679154157639},{""lat"":57.469327688204295,""lon"":31.509151160717014},{""lat"":57.47745016057072,""lon"":31.517390906810764},{""lat"":57.47237382693662,""lon"":31.533870398998264},{""lat"":57.42425210879732,""lon"":31.547603309154514},{""lat"":57.38217461343159,""lon"":31.591548621654514},{""lat"":57.39327666696193,""lon"":31.62433594465256},{""lat"":57.390964016401014,""lon"":31.654720008373264},{""lat"":57.370236155658084,""lon"":31.63686722517014},{""lat"":57.3500059474111,""lon"":31.6705034673214}]",https://picsum.photos/1967/1016
6,Мошенской район,"[{""lat"":58.401711667608,""lon"":35.27220726013184},{""lat"":58.26906557347328,""lon"":35.25023460388184},{""lat"":58.24594583464165,""lon"":35.14037132263184},{""lat"":58.205449994019915,""lon"":35.06896018981934},{""lat"":58.208344086647706,""lon"":34.98656272888184},{""lat"":58.228596132481464,""lon"":34.95360374450684},{""lat"":58.23148833880538,""lon"":34.75035667419434},{""lat"":58.20255566555088,""lon"":34.72838401794434},{""lat"":58.20092750214146,""lon"":34.72541749477387},{""lat"":58.23203060124687,""lon"":34.633406996727},{""lat"":58.256785089887615,""lon"":34.62516725063325},{""lat"":58.28531261195842,""lon"":34.67426240444184},{""lat"":58.31886621327047,""lon"":34.59670901298524},{""lat"":58.320669269115854,""lon"":34.49096560478211},{""lat"":58.33004367749288,""lon"":34.43054080009461},{""lat"":58.34986596667874,""lon"":34.395521879196174},{""lat"":58.37543829893075,""lon"":34.40170168876649},{""lat"":58.39163652523208,""lon"":34.44839358329774},{""lat"":58.41969583244189,""lon"":34.47250127792359},{""lat"":58.452762717396915,""lon"":34.48623418807984},{""lat"":58.455636630802694,""lon"":34.366757869720466},{""lat"":58.501587319354954,""lon"":34.385983943939216},{""lat"":58.59044590297795,""lon"":34.247206449508674},{""lat"":58.62406732089893,""lon"":34.28428530693055},{""lat"":58.6544418390023,""lon"":34.379042387008674},{""lat"":58.672296863054946,""lon"":34.1606891155243},{""lat"":58.70155932458395,""lon"":34.153822660446174},{""lat"":58.70155932458395,""lon"":34.1661822795868},{""lat"":58.72545066339352,""lon"":34.342038631439216},{""lat"":58.73756835682458,""lon"":34.52468633651734},{""lat"":58.73899369036873,""lon"":34.70321416854859},{""lat"":58.75965446428805,""lon"":34.71694707870484},{""lat"":58.75538082866437,""lon"":34.817197322845466},{""lat"":58.726163585718616,""lon"":34.89822149276734},{""lat"":58.71261556394137,""lon"":35.15365362167359},{""lat"":58.69977573144006,""lon"":35.237424373626716},{""lat"":58.63407596279423,""lon"":35.168759822845466},{""lat"":58.56323898562774,""lon"":35.18173098564149},{""lat"":58.49477031125367,""lon"":35.172804594039924},{""lat"":58.47718349762328,""lon"":35.1988971233368},{""lat"":58.46497522778118,""lon"":35.189284086227424},{""lat"":58.45994706064752,""lon"":35.148085355758674},{""lat"":58.44629555365028,""lon"":35.15014529228211},{""lat"":58.44162408488062,""lon"":35.21194338798524},{""lat"":58.4308414052246,""lon"":35.20370364189149},{""lat"":58.40566897149857,""lon"":35.27374148368836}]",https://picsum.photos/1941/1041
7,Боровичский район,"[{""lat"":58.199661101228784,""lon"":34.72990483045579},{""lat"":58.083684993160425,""lon"":34.72975730895997},{""lat"":58.08078074869217,""lon"":34.67482566833497},{""lat"":58.13302099917688,""lon"":34.49904441833497},{""lat"":58.147518599073585,""lon"":34.49355125427247},{""lat"":58.205449994019915,""lon"":34.20241355895997},{""lat"":58.205449994019915,""lon"":34.08156394958497},{""lat"":58.19387126497797,""lon"":34.05409812927247},{""lat"":58.205449994019915,""lon"":34.01015281677247},{""lat"":58.14461955129671,""lon"":33.85085105895997},{""lat"":58.15621432598575,""lon"":33.78493309020997},{""lat"":58.17359940698948,""lon"":33.74648094177247},{""lat"":58.26617643077586,""lon"":33.62464427947999},{""lat"":58.33112518003958,""lon"":33.52851390838624},{""lat"":58.44342087703153,""lon"":33.52027416229249},{""lat"":58.49369382056807,""lon"":33.52675437927247},{""lat"":58.48508070711037,""lon"":33.60365867614747},{""lat"":58.55106062287748,""lon"":33.62563133239747},{""lat"":58.60833366077633,""lon"":33.48830223083497},{""lat"":58.65408464530598,""lon"":33.43886375427247},{""lat"":58.6544418390023,""lon"":33.4494960308075},{""lat"":58.68264859034907,""lon"":33.57721209526063},{""lat"":58.74006265219864,""lon"":33.708361387252815},{""lat"":58.77852340357142,""lon"":33.73994708061219},{""lat"":58.70227273627189,""lon"":34.14644122123719},{""lat"":58.70120261326082,""lon"":34.156054258346565},{""lat"":58.672296863054946,""lon"":34.16086077690125},{""lat"":58.65408464530598,""lon"":34.38058733940125},{""lat"":58.62406732089893,""lon"":34.28583025932313},{""lat"":58.590088054499404,""lon"":34.24737811088563},{""lat"":58.55535935197943,""lon"":34.31672930717469},{""lat"":58.50230482216832,""lon"":34.386767148971565},{""lat"":58.4563550724647,""lon"":34.367541074752815},{""lat"":58.453840462441555,""lon"":34.485644102096565},{""lat"":58.419336239100055,""lon"":34.47397112846375},{""lat"":58.39127664546249,""lon"":34.44856524467469},{""lat"":58.374718205095,""lon"":34.40187335014344},{""lat"":58.34986596667874,""lon"":34.39638018608094},{""lat"":58.33004367749288,""lon"":34.43139910697938},{""lat"":58.32030866530215,""lon"":34.491137266159065},{""lat"":58.31850559106825,""lon"":34.59688067436219},{""lat"":58.28531261195842,""lon"":34.675158262252815},{""lat"":58.25642383476802,""lon"":34.6250331401825},{""lat"":58.23184984802056,""lon"":34.633959531784065}]",https://picsum.photos/1935/1031
15,Марёвский район,"[{""lat"":57.44421044715578,""lon"":32.71777868270875},{""lat"":57.37393841871411,""lon"":32.65334129333497},{""lat"":57.33541661439608,""lon"":32.63686180114747},{""lat"":57.33245172397403,""lon"":32.57094383239747},{""lat"":57.23744881782245,""lon"":32.38417625427247},{""lat"":57.24636575988902,""lon"":32.24135398864747},{""lat"":57.231502991478926,""lon"":32.24684715270997},{""lat"":57.18687872765791,""lon"":32.21938133239747},{""lat"":57.18687872765791,""lon"":32.12599754333497},{""lat"":57.10940213852767,""lon"":31.988668441772464},{""lat"":57.097468259301586,""lon"":31.917257308959964},{""lat"":57.11835002634525,""lon"":31.884298324584964},{""lat"":57.157844018459464,""lon"":31.861284971237186},{""lat"":57.17422537629663,""lon"":31.89012408256531},{""lat"":57.18687872765791,""lon"":31.874331235885624},{""lat"":57.16603560463154,""lon"":31.85098528862},{""lat"":57.17608643500675,""lon"":31.844118833541874},{""lat"":57.157471630516376,""lon"":31.7795741558075},{""lat"":57.20547872728542,""lon"":31.75279498100281},{""lat"":57.20585063172936,""lon"":31.73906207084656},{""lat"":57.23744881782245,""lon"":31.73631548881531},{""lat"":57.23744881782245,""lon"":31.66147112846375},{""lat"":57.249709057131916,""lon"":31.6806972026825},{""lat"":57.29314433003671,""lon"":31.65347814559937},{""lat"":57.350237477396824,""lon"":31.671330928802494},{""lat"":57.389483843463466,""lon"":31.726262569427494},{""lat"":57.410940501759036,""lon"":31.77982091903687},{""lat"":57.43755887715594,""lon"":31.85123205184937},{""lat"":57.45972607462754,""lon"":31.91715002059937},{""lat"":57.49442767792295,""lon"":31.99954748153687},{""lat"":57.55010276789374,""lon"":32.15173602104188},{""lat"":57.498117398284776,""lon"":32.46484637260438}]",https://picsum.photos/1928/1043
16,Холмский район,"[{""lat"":57.124314084296216,""lon"":31.873311996459964},{""lat"":57.088515327886505,""lon"":31.719503402709964},{""lat"":57.058656606677616,""lon"":31.670064926147464},{""lat"":57.022794415389725,""lon"":31.664571762084964},{""lat"":56.947970275100204,""lon"":31.532735824584964},{""lat"":56.947970275100204,""lon"":31.455831527709964},{""lat"":56.92399477907075,""lon"":31.411886215209964},{""lat"":56.947970275100204,""lon"":31.274557113647464},{""lat"":56.935984453472,""lon"":31.109762191772464},{""lat"":56.96893619436121,""lon"":31.043844223022464},{""lat"":56.97193036289258,""lon"":30.939474105834964},{""lat"":56.9449741808516,""lon"":30.873556137084964},{""lat"":56.947970275100204,""lon"":30.802145004272464},{""lat"":56.95995224466898,""lon"":30.725240707397464},{""lat"":56.99587504816287,""lon"":30.675802230834964},{""lat"":57.12729575312721,""lon"":30.681295394897464},{""lat"":57.18390185831188,""lon"":30.653829574584964},{""lat"":57.1958078966064,""lon"":30.681295394897464},{""lat"":57.270133729193475,""lon"":30.725240707397464},{""lat"":57.308723984824574,""lon"":30.889048576354984},{""lat"":57.29833828153704,""lon"":30.905528068542484},{""lat"":57.308723984824574,""lon"":31.020884513854984},{""lat"":57.32207272293081,""lon"":31.026377677917484},{""lat"":57.329486594251506,""lon"":31.029124259948734},{""lat"":57.33838126552897,""lon"":31.009898185729984},{""lat"":57.344309849972895,""lon"":31.026377677917484},{""lat"":57.33096918902605,""lon"":31.037364006042484},{""lat"":57.33838126552897,""lon"":31.053843498229984},{""lat"":57.31020741731997,""lon"":31.086802482604984},{""lat"":57.280527394700066,""lon"":31.155467033386234},{""lat"":57.27458851654785,""lon"":31.210398674011234},{""lat"":57.25379489747779,""lon"":31.246104240417484},{""lat"":57.24190755845816,""lon"":31.298289299011234},{""lat"":57.23298953794359,""lon"":31.339488029479984},{""lat"":57.23893512461504,""lon"":31.364207267761234},{""lat"":57.23001638509267,""lon"":31.402659416198734},{""lat"":57.21812137665686,""lon"":31.416392326354984},{""lat"":57.192831746793885,""lon"":31.512522697448734},{""lat"":57.198783806596985,""lon"":31.586680412292484},{""lat"":57.20175947677694,""lon"":31.685557365417484},{""lat"":57.20771009775021,""lon"":31.732249259948734},{""lat"":57.20603658254635,""lon"":31.738938689231876},{""lat"":57.20547872728542,""lon"":31.75232827663422},{""lat"":57.15765782495663,""lon"":31.779450774192814},{""lat"":57.17608643500675,""lon"":31.843652129173282},{""lat"":57.16622175595563,""lon"":31.850861907005314},{""lat"":57.18669268035093,""lon"":31.87420785427094},{""lat"":57.17441148638466,""lon"":31.88965737819672},{""lat"":57.157844018459464,""lon"":31.860818266868595},{""lat"":57.12543223824307,""lon"":31.88032597303391}]",https://picsum.photos/1985/1017
17,Поддорский район,"[{""lat"":57.270133729193475,""lon"":30.72510659694672},{""lat"":57.320589769167135,""lon"":30.494527816772464},{""lat"":57.37097663816299,""lon"":30.494527816772464},{""lat"":57.37986126240442,""lon"":30.516500473022464},{""lat"":57.397624055000456,""lon"":30.483541488647464},{""lat"":57.40946113558119,""lon"":30.423116683959964},{""lat"":57.48040333923341,""lon"":30.494527816772464},{""lat"":57.542364962219715,""lon"":30.494527816772464},{""lat"":57.542364962219715,""lon"":30.532979965209964},{""lat"":57.630699148918424,""lon"":30.648336410522464},{""lat"":57.677723058560225,""lon"":30.653829574584964},{""lat"":57.71625187560007,""lon"":31.14511370658875},{""lat"":57.69460739376101,""lon"":31.19205236434937},{""lat"":57.68286260202798,""lon"":31.22775793075562},{""lat"":57.67258278634381,""lon"":31.24423742294312},{""lat"":57.671114003278646,""lon"":31.27444982528687},{""lat"":57.645400667406605,""lon"":31.323008537292484},{""lat"":57.649809962218995,""lon"":31.342234611511234},{""lat"":57.635110229526035,""lon"":31.344981193542484},{""lat"":57.63658047066351,""lon"":31.364207267761234},{""lat"":57.614520602131556,""lon"":31.372447013854984},{""lat"":57.59686306015802,""lon"":31.402659416198734},{""lat"":57.5880310725996,""lon"":31.471323966979984},{""lat"":57.56004896082335,""lon"":31.427378654479984},{""lat"":57.56004896082335,""lon"":31.435124874114994},{""lat"":57.55415524842453,""lon"":31.468083858489994},{""lat"":57.55857562213473,""lon"":31.48044347763062},{""lat"":57.56667824733133,""lon"":31.49142980575562},{""lat"":57.56078560781571,""lon"":31.509282588958744},{""lat"":57.548997467687805,""lon"":31.490056514739994},{""lat"":57.513610151911344,""lon"":31.476323604583744},{""lat"":57.47671182860216,""lon"":31.49142980575562},{""lat"":57.469327688204295,""lon"":31.49692296981812},{""lat"":57.469327688204295,""lon"":31.509282588958744},{""lat"":57.47745016057072,""lon"":31.517522335052494},{""lat"":57.47228152343299,""lon"":31.534001827239994},{""lat"":57.42425210879732,""lon"":31.547734737396244},{""lat"":57.38208208219259,""lon"":31.591680049896244},{""lat"":57.393184163741076,""lon"":31.624639034271244},{""lat"":57.390964016401014,""lon"":31.654851436614994},{""lat"":57.370236155658084,""lon"":31.63699865341187},{""lat"":57.350237477396824,""lon"":31.66995763778687},{""lat"":57.29314433003671,""lon"":31.652104854583744},{""lat"":57.25008051588298,""lon"":31.67819738388062},{""lat"":57.23744881782245,""lon"":31.65897130966187},{""lat"":57.23744881782245,""lon"":31.73587560653687},{""lat"":57.206222532426686,""lon"":31.73859536647797},{""lat"":57.2078960392008,""lon"":31.731728911399845},{""lat"":57.20175947677694,""lon"":31.68469369411469},{""lat"":57.198969793008814,""lon"":31.586846709251407},{""lat"":57.1932037786361,""lon"":31.51165902614594},{""lat"":57.21812137665686,""lon"":31.41552865505219},{""lat"":57.23020221416795,""lon"":31.40248239040375},{""lat"":57.23893512461504,""lon"":31.36403024196625},{""lat"":57.233175352038536,""lon"":31.338967680931095},{""lat"":57.25360918728968,""lon"":31.245583891868595},{""lat"":57.27458851654785,""lon"":31.21022164821625},{""lat"":57.28071296920538,""lon"":31.154946684837345},{""lat"":57.310392842173904,""lon"":31.08593881130219},{""lat"":57.33838126552897,""lon"":31.053666472435},{""lat"":57.331154509166275,""lon"":31.0371869802475},{""lat"":57.344309849972895,""lon"":31.025857329368595},{""lat"":57.33856654827989,""lon"":31.010064482688907},{""lat"":57.329486594251506,""lon"":31.02894723415375},{""lat"":57.308723984824574,""lon"":31.02070748806},{""lat"":57.29852376624304,""lon"":30.9053510427475},{""lat"":57.30853855155461,""lon"":30.88887155056}]",https://picsum.photos/1978/1053
23,Парфинский район,"[{""lat"":57.733484833831604,""lon"":31.96785684674979},{""lat"":57.74005961042636,""lon"":31.922669336199768},{""lat"":57.755472431206044,""lon"":31.83752998709679},{""lat"":57.78174838241075,""lon"":31.864490211009983},{""lat"":57.7649962383007,""lon"":31.788787543773655},{""lat"":57.761425104778695,""lon"":31.735572516918186},{""lat"":57.80818813313426,""lon"":31.716346442699436},{""lat"":57.85571261963254,""lon"":31.745357215404514},{""lat"":57.91065310757539,""lon"":31.71926468610764},{""lat"":57.90399535998941,""lon"":31.66828125715256},{""lat"":57.9155772230009,""lon"":31.60510987043381},{""lat"":57.92952521828588,""lon"":31.592750251293186},{""lat"":57.95576557412944,""lon"":31.576614081859592},{""lat"":57.965964975326024,""lon"":31.59292191267014},{""lat"":57.99063188288074,""lon"":31.56545609235764},{""lat"":58.008097793068906,""lon"":31.53644531965256},{""lat"":58.034280685772735,""lon"":31.52975052595139},{""lat"":58.060535231918266,""lon"":31.56270951032639},{""lat"":58.09321288537149,""lon"":31.55858963727951},{""lat"":58.10609417855227,""lon"":31.526832282543182},{""lat"":58.133836645851474,""lon"":31.52700394392014},{""lat"":58.15467461247494,""lon"":31.542281806468967},{""lat"":58.15331598640629,""lon"":31.56820267438889},{""lat"":58.15621432598575,""lon"":31.591548621654514},{""lat"":58.185184741407966,""lon"":31.608028113842014},{""lat"":58.19975155993401,""lon"":31.588802039623264},{""lat"":58.21413156442685,""lon"":31.546058356761936},{""lat"":58.230042265110995,""lon"":31.556014716625217},{""lat"":58.23076530932501,""lon"":31.680010557174686},{""lat"":58.20979104452482,""lon"":31.695803403854374},{""lat"":58.208705831644174,""lon"":31.720522642135624},{""lat"":58.215939957794006,""lon"":31.737688779830936},{""lat"":58.2115996589647,""lon"":31.75279498100281},{""lat"":58.20617353928653,""lon"":31.76103472709656},{""lat"":58.201832046582055,""lon"":31.789187192916874},{""lat"":58.1992992641045,""lon"":31.831072568893436},{""lat"":58.2032792697789,""lon"":31.866778135299686},{""lat"":58.19857557879969,""lon"":31.880511045455936},{""lat"":58.202917469507476,""lon"":31.907976865768436},{""lat"":58.20617353928653,""lon"":31.942995786666874},{""lat"":58.208344086647706,""lon"":31.956728696823124},{""lat"":58.213408181288905,""lon"":31.95260882377625},{""lat"":58.21304648419319,""lon"":31.973894834518436},{""lat"":58.20725882954918,""lon"":32.02264666557313},{""lat"":58.210514501354844,""lon"":32.05285906791688},{""lat"":58.201832046582055,""lon"":32.06933856010438},{""lat"":58.1992992641045,""lon"":32.09268450737},{""lat"":58.11053805217788,""lon"":32.12770342826844},{""lat"":58.082232900469144,""lon"":32.14349627494813},{""lat"":58.05554017803226,""lon"":32.13925302028657},{""lat"":58.0417320326299,""lon"":32.208947539329536},{""lat"":58.0308270959429,""lon"":32.20791757106782},{""lat"":57.985354046681444,""lon"":32.115563750267036},{""lat"":57.92360026126559,""lon"":32.15332925319672},{""lat"":57.78055859575024,""lon"":32.13650643825532},{""lat"":57.78714769069405,""lon"":32.06097543239594},{""lat"":57.77232053588576,""lon"":32.06097543239594},{""lat"":57.737333628583436,""lon"":32.02801644802094},{""lat"":57.74557966695984,""lon"":32.005700469017036}]",https://picsum.photos/1911/1013
24,Крестецкий район,"[{""lat"":58.230946068076356,""lon"":31.66821420192719},{""lat"":58.242693411830054,""lon"":31.655854582786564},{""lat"":58.250643252119936,""lon"":31.68962359428406},{""lat"":58.26653758649676,""lon"":31.752108335495},{""lat"":58.28820019415566,""lon"":31.783694028854374},{""lat"":58.3069637386088,""lon"":31.800173521041874},{""lat"":58.309488840677645,""lon"":31.82101964950562},{""lat"":58.318144965188274,""lon"":31.81277990341187},{""lat"":58.32679897129091,""lon"":31.844365596771244},{""lat"":58.3448213481606,""lon"":31.84299230575562},{""lat"":58.34337989624819,""lon"":31.866338253021244},{""lat"":58.346983415747545,""lon"":31.869084835052494},{""lat"":58.35346882452693,""lon"":31.85123205184937},{""lat"":58.36355487120244,""lon"":31.86771154403687},{""lat"":58.37579834033745,""lon"":31.885564327239994},{""lat"":58.38299839694763,""lon"":31.921269893646244},{""lat"":58.41034521233622,""lon"":31.96658849716187},{""lat"":58.45348121776238,""lon"":31.973454952239994},{""lat"":58.45348121776238,""lon"":31.989934444427494},{""lat"":58.46641171490102,""lon"":31.978948116302494},{""lat"":58.467848143329725,""lon"":32.01053380966187},{""lat"":58.476465481471976,""lon"":32.03250646591187},{""lat"":58.48508070711037,""lon"":32.02152013778687},{""lat"":58.476465481471976,""lon"":32.01053380966187},{""lat"":58.48005541553066,""lon"":31.98581457138062},{""lat"":58.52167185596512,""lon"":31.992681026458744},{""lat"":58.52310602592301,""lon"":32.03937292099},{""lat"":58.554777263287264,""lon"":32.056484073400505},{""lat"":58.54479069749858,""lon"":32.24079072475434},{""lat"":58.545149009168036,""lon"":32.27374970912934},{""lat"":58.54694051256996,""lon"":32.31288850307465},{""lat"":58.54066985000972,""lon"":32.319068312644966},{""lat"":58.53511489770079,""lon"":32.305335402488716},{""lat"":58.52346455925118,""lon"":32.317351698875434},{""lat"":58.52812515905846,""lon"":32.34241425991059},{""lat"":58.524181614914106,""lon"":32.34138429164887},{""lat"":58.49764079176431,""lon"":32.36541688442231},{""lat"":58.48490124478754,""lon"":32.39116609096528},{""lat"":58.49333498300673,""lon"":32.45983064174653},{""lat"":58.507147582627454,""lon"":32.46704041957856},{""lat"":58.49979349816783,""lon"":32.54016816616059},{""lat"":58.461204169839256,""lon"":32.56660401821137},{""lat"":58.46071031087348,""lon"":32.566699907183654},{""lat"":58.47642060497541,""lon"":32.775316089391715},{""lat"":58.46147354453358,""lon"":32.77532547712327},{""lat"":58.45716330179279,""lon"":32.81103104352952},{""lat"":58.40953590736815,""lon"":32.74631470441819},{""lat"":58.37147760096145,""lon"":32.82064408063889},{""lat"":58.33635197584619,""lon"":32.82581269741059},{""lat"":58.28278578434131,""lon"":32.86975800991059},{""lat"":58.25263043372187,""lon"":32.926062941551216},{""lat"":58.23293435356612,""lon"":33.00159394741059},{""lat"":58.243054806872685,""lon"":33.09600770473481},{""lat"":58.24052496423803,""lon"":33.12072694301606},{""lat"":58.22353420414235,""lon"":33.139266371727},{""lat"":58.16128585228032,""lon"":33.03180634975434},{""lat"":58.13501476918361,""lon"":32.994727492332466},{""lat"":58.10128691612493,""lon"":32.95524537563325},{""lat"":58.107091831052244,""lon"":32.90546357631684},{""lat"":58.08078074869217,""lon"":32.84023225307465},{""lat"":58.04591137650698,""lon"":32.80109345912934},{""lat"":58.02591878920151,""lon"":32.60368287563325},{""lat"":58.0549952208076,""lon"":32.520598769187934},{""lat"":58.06062604461477,""lon"":32.447127699852},{""lat"":58.03228127968519,""lon"":32.393226027488716},{""lat"":58.012099197543726,""lon"":32.39185273647309},{""lat"":58.022100751546,""lon"":32.36713349819184},{""lat"":58.03228127968519,""lon"":32.35614717006684},{""lat"":58.0482733981818,""lon"":32.363013625144966},{""lat"":58.06716395200735,""lon"":32.357520461082466},{""lat"":58.081506831966465,""lon"":32.357520461082466},{""lat"":58.09040015332396,""lon"":32.33417451381684},{""lat"":58.083707681639915,""lon"":32.16728679835797},{""lat"":58.082414415286785,""lon"":32.143439948558814},{""lat"":58.11081010807896,""lon"":32.12713211774827},{""lat"":58.11090079291795,""lon"":32.127475440502174},{""lat"":58.1992992641045,""lon"":32.09247529506684},{""lat"":58.202012952706205,""lon"":32.069129347801216},{""lat"":58.21069536325941,""lon"":32.05230653285981},{""lat"":58.20743970803531,""lon"":32.02209413051606},{""lat"":58.21304648419319,""lon"":31.973495185375217},{""lat"":58.21349860498713,""lon"":31.952380836009983},{""lat"":58.20843452324227,""lon"":31.9563290476799},{""lat"":58.20626398140844,""lon"":31.942767798900608},{""lat"":58.203007919920836,""lon"":31.90774887800217},{""lat"":58.19857557879969,""lon"":31.88028305768967},{""lat"":58.203369719270945,""lon"":31.866378486156467},{""lat"":58.1992992641045,""lon"":31.830672919750217},{""lat"":58.201832046582055,""lon"":31.78913086652756},{""lat"":58.20617353928653,""lon"":31.760635077953342},{""lat"":58.21150923043048,""lon"":31.7527386546135},{""lat"":58.21603037504449,""lon"":31.73746079206467},{""lat"":58.208705831644174,""lon"":31.720122992992405},{""lat"":58.20988147743462,""lon"":31.695575416088108},{""lat"":58.230855688815794,""lon"":31.67978256940842}]",https://picsum.photos/1975/1028
25,Новгородский район,"[{""lat"":58.86490457903925,""lon"":30.786437988281254},{""lat"":58.87910308023475,""lon"":30.819396972656254},{""lat"":58.92733441827545,""lon"":30.956726074218754},{""lat"":59.03207600574613,""lon"":30.973205566406254},{""lat"":59.08009382655441,""lon"":31.077575683593754},{""lat"":59.09138238455912,""lon"":31.138000488281254},{""lat"":59.0235953034592,""lon"":31.203918457031254},{""lat"":59.012284446745994,""lon"":31.24666213989258},{""lat"":58.96664983088859,""lon"":31.287517547607425},{""lat"":58.94079879262313,""lon"":31.325283050537113},{""lat"":58.885313092555556,""lon"":31.272068023681644},{""lat"":58.86561464247931,""lon"":31.46364212036133},{""lat"":58.85567242859108,""lon"":31.48664474487305},{""lat"":58.832225910064096,""lon"":31.6267204284668},{""lat"":58.844128777796925,""lon"":31.657276153564457},{""lat"":58.81018593299694,""lon"":31.79426193237305},{""lat"":58.83453574145579,""lon"":31.82344436645508},{""lat"":58.79275732759924,""lon"":31.979656219482425},{""lat"":58.776209839701984,""lon"":31.97175979614258},{""lat"":58.74914750141599,""lon"":32.007465362548835},{""lat"":58.747900701846696,""lon"":31.984119415283207},{""lat"":58.63604160908547,""lon"":31.96352005004883},{""lat"":58.61852558957572,""lon"":32.06480026245118},{""lat"":58.62496106622703,""lon"":32.08574295043946},{""lat"":58.62245852169645,""lon"":32.09501266479493},{""lat"":58.62013456985249,""lon"":32.09020614624024},{""lat"":58.60457799050508,""lon"":32.09604263305665},{""lat"":58.59760210396068,""lon"":32.07406997680665},{""lat"":58.59742321677758,""lon"":32.02875137329102},{""lat"":58.55589665603462,""lon"":32.03905105590821},{""lat"":58.55500114469796,""lon"":32.05587387084961},{""lat"":58.52328529304518,""lon"":32.038707733154304},{""lat"":58.52167185596512,""lon"":31.992359161376957},{""lat"":58.48005541553066,""lon"":31.98549270629883},{""lat"":58.47664498688511,""lon"":32.00986862182618},{""lat"":58.48508070711037,""lon"":32.021198272705085},{""lat"":58.476465481471976,""lon"":32.032184600830085},{""lat"":58.467848143329725,""lon"":32.010211944580085},{""lat"":58.46623215722074,""lon"":31.978969573974613},{""lat"":58.4536608405606,""lon"":31.989612579345707},{""lat"":58.4536608405606,""lon"":31.973133087158207},{""lat"":58.41034521233622,""lon"":31.965923309326175},{""lat"":58.38317837953488,""lon"":31.920948028564457},{""lat"":58.37597835966303,""lon"":31.885242462158207},{""lat"":58.35364895777092,""lon"":31.85091018676758},{""lat"":58.346803248503115,""lon"":31.8684196472168},{""lat"":58.343560080953836,""lon"":31.866016387939457},{""lat"":58.3448213481606,""lon"":31.84267044067383},{""lat"":58.32697924056054,""lon"":31.844043731689457},{""lat"":58.318144965188274,""lon"":31.81245803833008},{""lat"":58.309308482221574,""lon"":31.820354461669925},{""lat"":58.30714410901979,""lon"":31.800098419189457},{""lat"":58.28801972716794,""lon"":31.78327560424805},{""lat"":58.26653758649676,""lon"":31.751689910888675},{""lat"":58.24251271292774,""lon"":31.65521621704102},{""lat"":58.230946068076356,""lon"":31.66791915893555},{""lat"":58.230223027545776,""lon"":31.555652618408207},{""lat"":58.274843152138224,""lon"":31.53779983520508},{""lat"":58.25100456615043,""lon"":31.04547500610352},{""lat"":58.278814690899175,""lon"":30.960674285888675},{""lat"":58.280619788575834,""lon"":30.950717926025394},{""lat"":58.27755106778093,""lon"":30.9455680847168},{""lat"":58.28747832068514,""lon"":30.895786285400394},{""lat"":58.26111986415397,""lon"":30.851840972900394},{""lat"":58.282966278008274,""lon"":30.807552337646488},{""lat"":58.274301544166114,""lon"":30.756397247314457},{""lat"":58.28874158959932,""lon"":30.756397247314457},{""lat"":58.289463437311944,""lon"":30.738201141357425},{""lat"":58.30155219863955,""lon"":30.739917755126957},{""lat"":58.30028938687988,""lon"":30.759143829345707},{""lat"":58.33995621221932,""lon"":30.756397247314457},{""lat"":58.345722225737696,""lon"":30.79072952270508},{""lat"":58.43281847711,""lon"":30.779399871826175},{""lat"":58.43497515617524,""lon"":30.761890411376953},{""lat"":58.4261678848373,""lon"":30.759487152099613},{""lat"":58.417718023629675,""lon"":30.742664337158207},{""lat"":58.42131395704904,""lon"":30.73408126831055},{""lat"":58.4168189829108,""lon"":30.701465606689457},{""lat"":58.4249095233559,""lon"":30.68086624145508},{""lat"":58.43209955472546,""lon"":30.6928825378418},{""lat"":58.42922371836851,""lon"":30.7038688659668},{""lat"":58.439288117925,""lon"":30.724811553955078},{""lat"":58.4563550724647,""lon"":30.7368278503418},{""lat"":58.452044202355125,""lon"":30.750904083251957},{""lat"":58.46030623928803,""lon"":30.756397247314457},{""lat"":58.47161848872466,""lon"":30.755710601806644},{""lat"":58.49799958533018,""lon"":30.767383575439453},{""lat"":58.513065604861715,""lon"":30.729274749755863},{""lat"":58.53135136539962,""lon"":30.764636993408207},{""lat"":58.615843791158845,""lon"":30.7697868347168},{""lat"":58.62478231899034,""lon"":30.794162750244144},{""lat"":58.63461205911789,""lon"":30.795879364013675},{""lat"":58.651584187065055,""lon"":30.78317642211914},{""lat"":58.66658424957949,""lon"":30.812358856201175},{""lat"":58.676759191332955,""lon"":30.824031829833988},{""lat"":58.67140432887502,""lon"":30.82918167114258},{""lat"":58.66176350414477,""lon"":30.8247184753418},{""lat"":58.6703332577073,""lon"":30.848751068115238},{""lat"":58.69049957490951,""lon"":30.87312698364258},{""lat"":58.7110108437399,""lon"":30.893039703369144},{""lat"":58.73828103089734,""lon"":30.9290885925293},{""lat"":58.74683198091693,""lon"":30.906772613525394},{""lat"":58.744338171004216,""lon"":30.867977142333984},{""lat"":58.73418295557308,""lon"":30.84566116333008},{""lat"":58.74505070637151,""lon"":30.825748443603516},{""lat"":58.766241956435366,""lon"":30.80926895141602},{""lat"":58.77887932279546,""lon"":30.805149078369144},{""lat"":58.77549794288977,""lon"":30.783863067626957},{""lat"":58.78510731877384,""lon"":30.778026580810547},{""lat"":58.81285280420601,""lon"":30.78248977661133},{""lat"":58.81569724081503,""lon"":30.75159072875977},{""lat"":58.82618408465258,""lon"":30.75708389282227},{""lat"":58.859223547066584,""lon"":30.741634368896488}]",https://picsum.photos/1983/1077
12,Окуловский район,"[{""lat"":58.17359940698948,""lon"":33.746309280395515},{""lat"":58.106910441764995,""lon"":33.57696533203126},{""lat"":58.10836153022437,""lon"":33.538073301315315},{""lat"":58.12540739611354,""lon"":33.46734881401063},{""lat"":58.14389475246397,""lon"":33.46803545951844},{""lat"":58.14461955129671,""lon"":33.34993243217469},{""lat"":58.190252138178586,""lon"":33.19063067436219},{""lat"":58.19640443443354,""lon"":33.17071795463563},{""lat"":58.19676630104177,""lon"":33.158358335495},{""lat"":58.18880438425243,""lon"":33.15492510795594},{""lat"":58.183736781054726,""lon"":33.16934466362},{""lat"":58.17794434980202,""lon"":33.15217852592469},{""lat"":58.185908699466616,""lon"":33.12471270561219},{""lat"":58.20038476442119,""lon"":33.131579160690315},{""lat"":58.22353420414235,""lon"":33.139818906784065},{""lat"":58.24052496423803,""lon"":33.12127947807313},{""lat"":58.243054806872685,""lon"":33.09656023979188},{""lat"":58.23293435356612,""lon"":33.00204992294312},{""lat"":58.25244978545152,""lon"":32.92651891708375},{""lat"":58.28278578434131,""lon"":32.87021398544312},{""lat"":58.336171754376615,""lon"":32.82626867294312},{""lat"":58.37147760096145,""lon"":32.82077550888062},{""lat"":58.40962583106036,""lon"":32.74661779403687},{""lat"":58.45707349945131,""lon"":32.81116247177125},{""lat"":58.46138375319807,""lon"":32.775456905365},{""lat"":58.476465481471976,""lon"":32.775456905365},{""lat"":58.46066541425993,""lon"":32.56671667099},{""lat"":58.50015226973721,""lon"":32.54062414169312},{""lat"":58.51629319640612,""lon"":32.56097674369813},{""lat"":58.55034411675084,""lon"":32.53900408744813},{""lat"":58.5847198880941,""lon"":32.595995664596565},{""lat"":58.59330855904497,""lon"":32.689379453659065},{""lat"":58.60761832611203,""lon"":32.73813128471375},{""lat"":58.619777025081675,""lon"":32.79786944389344},{""lat"":58.64944079455771,""lon"":32.80954241752625},{""lat"":58.6755097969741,""lon"":32.840441465377815},{""lat"":58.68264859034907,""lon"":32.86996722221375},{""lat"":58.688001726188595,""lon"":32.91528582572938},{""lat"":58.70013245737453,""lon"":32.917345762252815},{""lat"":58.71083253693014,""lon"":32.950304746627815},{""lat"":58.74469444051282,""lon"":32.9660975933075},{""lat"":58.7471882248766,""lon"":32.955797910690315},{""lat"":58.755024668643074,""lon"":32.95167803764344},{""lat"":58.766063932525924,""lon"":32.95167803764344},{""lat"":58.76641997943265,""lon"":32.94343829154969},{""lat"":58.792401550616056,""lon"":32.947558164596565},{""lat"":58.798449263391255,""lon"":32.95442461967469},{""lat"":58.791334197785886,""lon"":33.02034258842469},{""lat"":58.7682001592396,""lon"":33.11372637748719},{""lat"":58.71154575869095,""lon"":33.21260333061219},{""lat"":58.6544418390023,""lon"":33.44759434461594},{""lat"":58.65408464530598,""lon"":33.438839614391334},{""lat"":58.60851249215561,""lon"":33.48782479763032},{""lat"":58.551239747119965,""lon"":33.62515389919282},{""lat"":58.48526016851646,""lon"":33.60283792018891},{""lat"":58.493514402245694,""lon"":33.52662026882172},{""lat"":58.443780224452524,""lon"":33.5197538137436},{""lat"":58.331485673534544,""lon"":33.52765023708344},{""lat"":58.267440459694186,""lon"":33.62240731716157}]",https://picsum.photos/1911/1021
